
--Ideally, everyone has a few passive points but heavy investments can be made elsewhere

--TO DO: add a project to aerodromes called space camp that awards great aviator points when finished

--Certain buildings granting points 
INSERT INTO Building_GreatPersonPoints
		(BuildingType, GreatPersonClassType, PointsPerTurn)
VALUES  ('BUILDING_BROADCAST_CENTER', 'GREAT_PERSON_CLASS_AVIATOR', 1),
		('BUILDING_MILITARY_ACADEMY', 'GREAT_PERSON_CLASS_AVIATOR', 2),
		('BUILDING_HANGAR', 'GREAT_PERSON_CLASS_AVIATOR', 5),
		('BUILDING_AIRPORT', 'GREAT_PERSON_CLASS_AVIATOR', 10);
		
		
--Add a couple fat bonuses for districts
INSERT INTO District_GreatPersonPoints
		(DistrictType, GreatPersonClassType, PointsPerTurn)
VALUES  ('DISTRICT_AERODROME', 'GREAT_PERSON_CLASS_AVIATOR', 5),
		('DISTRICT_SPACEPORT', 'GREAT_PERSON_CLASS_AVIATOR', 10);


--Modifiers for techs and civics to passively grant points as soon as they are finished
INSERT INTO Modifiers
		(ModifierId,								 ModifierType,                SubjectRequirementSetId )
VALUES  ('ASTRONOMY_GREAT_AVIATOR_MODIFIERID',				'MODIFIER_PLAYER_ADJUST_GREAT_PERSON_POINTS', NULL),
		('SCIENTIFIC_THEORY_GREAT_AVIATOR_MODIFIERID',				'MODIFIER_PLAYER_ADJUST_GREAT_PERSON_POINTS', NULL),
		('FLIGHT_GREAT_AVIATOR_MODIFIERID',				'MODIFIER_PLAYER_ADJUST_GREAT_PERSON_POINTS', NULL),
		('ADVANCED_FLIGHT_GREAT_AVIATOR_MODIFIERID',				'MODIFIER_PLAYER_ADJUST_GREAT_PERSON_POINTS', NULL),
		('STEALTH_TECH_GREAT_AVIATOR_MODIFIERID',				'MODIFIER_PLAYER_ADJUST_GREAT_PERSON_POINTS', NULL),
		('GUIDANCE_SYSTEMS_GREAT_AVIATOR_MODIFIERID',				'MODIFIER_PLAYER_ADJUST_GREAT_PERSON_POINTS', NULL),
		('ROCKETRY_GREAT_AVIATOR_MODIFIERID',				'MODIFIER_PLAYER_ADJUST_GREAT_PERSON_POINTS', NULL),
		('EXPLORATION_GREAT_AVIATOR_MODIFIERID',				'MODIFIER_PLAYER_ADJUST_GREAT_PERSON_POINTS', NULL),
		('MOBILIZATION_GREAT_AVIATOR_MODIFIERID',				'MODIFIER_PLAYER_ADJUST_GREAT_PERSON_POINTS', NULL),
		('RAPID_DEPLOYMENT_GREAT_AVIATOR_MODIFIERID',				'MODIFIER_PLAYER_ADJUST_GREAT_PERSON_POINTS', NULL),
		('SPACE_RACE_GREAT_AVIATOR_MODIFIERID',				'MODIFIER_PLAYER_ADJUST_GREAT_PERSON_POINTS', NULL),
		
		('GREAT_AVIATOR_POLICY_SMALL_MODIFIERID',				'MODIFIER_PLAYER_ADJUST_GREAT_PERSON_POINTS', NULL),
		('GREAT_AVIATOR_POLICY_BIG_MODIFIERID_HANGAR',				'MODIFIER_PLAYER_CITIES_ADJUST_GREAT_PERSON_POINT', 'BUILDING_IS_HANGAR_GREAT_AVIATOR'), --unique requirement name to prevent conflicts
		('GREAT_AVIATOR_POLICY_BIG_MODIFIERID_AIRPORT',				'MODIFIER_PLAYER_CITIES_ADJUST_GREAT_PERSON_POINT', 'BUILDING_IS_AIRPORT_GREAT_AVIATOR'); --unique requirement name to prevent conflicts

--Modifier Arguments for techs and civics
INSERT INTO ModifierArguments
		(ModifierId,					Name,					Value)
VALUES  ('ASTRONOMY_GREAT_AVIATOR_MODIFIERID',   'GreatPersonClassType', 'GREAT_PERSON_CLASS_AVIATOR'),
		('ASTRONOMY_GREAT_AVIATOR_MODIFIERID',   'Amount', 1),
		('SCIENTIFIC_THEORY_GREAT_AVIATOR_MODIFIERID',   'GreatPersonClassType', 'GREAT_PERSON_CLASS_AVIATOR'),
		('SCIENTIFIC_THEORY_GREAT_AVIATOR_MODIFIERID',   'Amount', 1),
		('FLIGHT_GREAT_AVIATOR_MODIFIERID',   'GreatPersonClassType', 'GREAT_PERSON_CLASS_AVIATOR'),
		('FLIGHT_GREAT_AVIATOR_MODIFIERID',   'Amount', 3),
		('ADVANCED_FLIGHT_GREAT_AVIATOR_MODIFIERID',   'GreatPersonClassType', 'GREAT_PERSON_CLASS_AVIATOR'),
		('ADVANCED_FLIGHT_GREAT_AVIATOR_MODIFIERID',   'Amount', 2),
		('STEALTH_TECH_GREAT_AVIATOR_MODIFIERID',   'GreatPersonClassType', 'GREAT_PERSON_CLASS_AVIATOR'),
		('STEALTH_TECH_GREAT_AVIATOR_MODIFIERID',   'Amount', 1),
		('GUIDANCE_SYSTEMS_GREAT_AVIATOR_MODIFIERID',   'GreatPersonClassType', 'GREAT_PERSON_CLASS_AVIATOR'),
		('GUIDANCE_SYSTEMS_GREAT_AVIATOR_MODIFIERID',   'Amount', 1),
		('ROCKETRY_GREAT_AVIATOR_MODIFIERID',   'GreatPersonClassType', 'GREAT_PERSON_CLASS_AVIATOR'),
		('ROCKETRY_GREAT_AVIATOR_MODIFIERID',   'Amount', 2),
		('EXPLORATION_GREAT_AVIATOR_MODIFIERID',   'GreatPersonClassType', 'GREAT_PERSON_CLASS_AVIATOR'),
		('EXPLORATION_GREAT_AVIATOR_MODIFIERID',   'Amount', 2),
		('MOBILIZATION_GREAT_AVIATOR_MODIFIERID',   'GreatPersonClassType', 'GREAT_PERSON_CLASS_AVIATOR'),
		('MOBILIZATION_GREAT_AVIATOR_MODIFIERID',   'Amount', 1),
		('RAPID_DEPLOYMENT_GREAT_AVIATOR_MODIFIERID',   'GreatPersonClassType', 'GREAT_PERSON_CLASS_AVIATOR'),
		('RAPID_DEPLOYMENT_GREAT_AVIATOR_MODIFIERID',   'Amount', 1),
		('SPACE_RACE_GREAT_AVIATOR_MODIFIERID',   'GreatPersonClassType', 'GREAT_PERSON_CLASS_AVIATOR'),
		('SPACE_RACE_GREAT_AVIATOR_MODIFIERID',   'Amount', 2),
		
		('GREAT_AVIATOR_POLICY_SMALL_MODIFIERID', 'GreatPersonClassType', 'GREAT_PERSON_CLASS_AVIATOR'),
		('GREAT_AVIATOR_POLICY_SMALL_MODIFIERID',   'Amount', 10),
		('GREAT_AVIATOR_POLICY_BIG_MODIFIERID_HANGAR', 'GreatPersonClassType', 'GREAT_PERSON_CLASS_AVIATOR'),
		('GREAT_AVIATOR_POLICY_BIG_MODIFIERID_HANGAR',   'Amount', 7),
		('GREAT_AVIATOR_POLICY_BIG_MODIFIERID_AIRPORT', 'GreatPersonClassType', 'GREAT_PERSON_CLASS_AVIATOR'),
		('GREAT_AVIATOR_POLICY_BIG_MODIFIERID_AIRPORT',   'Amount', 12);

--Adjust some techs to give points
INSERT INTO TechnologyModifiers	
		(TechnologyType,		 ModifierId)
VALUES  ('TECH_ASTRONOMY',	'ASTRONOMY_GREAT_AVIATOR_MODIFIERID'),
		('TECH_SCIENTIFIC_THEORY',	'SCIENTIFIC_THEORY_GREAT_AVIATOR_MODIFIERID'),
		('TECH_FLIGHT',	'FLIGHT_GREAT_AVIATOR_MODIFIERID'),
		('TECH_ADVANCED_FLIGHT',	'ADVANCED_FLIGHT_GREAT_AVIATOR_MODIFIERID'),
		('TECH_STEALTH_TECHNOLOGY',	'STEALTH_TECH_GREAT_AVIATOR_MODIFIERID'),
		('TECH_GUIDANCE SYSTEMS',	'GUIDANCE_SYSTEMS_GREAT_AVIATOR_MODIFIERID'),
		('TECH_ROCKETRY',	'ROCKETRY_GREAT_AVIATOR_MODIFIERID');



--Adjust some civics to give points
INSERT INTO CivicModifiers	
		(CivicType,		 ModifierId)
VALUES  ('CIVIC_EXPLORATION',	'EXPLORATION_GREAT_AVIATOR_MODIFIERID'),
		('CIVIC_MOBILIZATION',	'MOBILIZATION_GREAT_AVIATOR_MODIFIERID'),
		('CIVIC_RAPID_DEPLOYMENT',	'RAPID_DEPLOYMENT_GREAT_AVIATOR_MODIFIERID'),
		('CIVIC_SPACE_RACE',	'SPACE_RACE_GREAT_AVIATOR_MODIFIERID');



INSERT INTO Types
		(Type, Kind)
VALUES	('POLICY_GREAT_AVIATOR_SMALL', 'KIND_POLICY'), --air shows
		('POLICY_GREAT_AVIATOR_BIG', 'KIND_POLICY'); 


INSERT INTO RequirementSets
		(RequirementSetId,  RequirementSetType)
VALUES  ('BUILDING_IS_HANGAR_GREAT_AVIATOR', 'REQUIREMENTSET_TEST_ALL'),
		('BUILDING_IS_AIRPORT_GREAT_AVIATOR', 'REQUIREMENTSET_TEST_ALL');

INSERT INTO RequirementSetRequirements
		(RequirementSetId, RequirementId)
VALUES  ('BUILDING_IS_HANGAR_GREAT_AVIATOR', 'REQUIRES_CITY_HAS_HANGAR_GREAT_AVIATOR'),
		('BUILDING_IS_AIRPORT_GREAT_AVIATOR', 'REQUIRES_CITY_HAS_AIRPORT_GREAT_AVIATOR');

INSERT INTO Requirements
		(RequirementId, RequirementType)
VALUES  ('REQUIRES_CITY_HAS_HANGAR_GREAT_AVIATOR', 'REQUIREMENT_CITY_HAS_BUILDING'),
		('REQUIRES_CITY_HAS_AIRPORT_GREAT_AVIATOR', 'REQUIREMENT_CITY_HAS_BUILDING');

INSERT INTO RequirementArguments
		(RequirementId, Name, Value)
VALUES  ('REQUIRES_CITY_HAS_HANGAR_GREAT_AVIATOR', 'BuildingType', 'BUILDING_HANGAR'),
		('REQUIRES_CITY_HAS_AIRPORT_GREAT_AVIATOR', 'BuildingType', 'BUILDING_AIRPORT');

INSERT INTO PolicyModifiers
		(PolicyType,				ModifierId)
VALUES  ('POLICY_GREAT_AVIATOR_SMALL',  'GREAT_AVIATOR_POLICY_SMALL_MODIFIERID'),
		('POLICY_GREAT_AVIATOR_BIG',  'GREAT_AVIATOR_POLICY_BIG_MODIFIERID_HANGAR'),
		('POLICY_GREAT_AVIATOR_BIG',  'GREAT_AVIATOR_POLICY_BIG_MODIFIERID_AIRPORT');

INSERT INTO ObsoletePolicies
		(PolicyType, ObsoletePolicy)
VALUES  ('POLICY_GREAT_AVIATOR_BIG', 'POLICY_GREAT_AVIATOR_SMALL');

--Add some policies to give points

--techs that could give points:
--astronomy +1
--scientific theory +1

--flight +3
--advanced flight +2
--stealth tech +1
--guidance systems +1
--rocketry +2

--civics that could give points:
--exploration +2
--mobilization - little policy and +1
--rapid deployment - +1
--space race  BIG policy and +2