INSERT INTO Types
		(Type, Kind)
VALUES  ('UNIT_GREAT_AVIATOR', 'KIND_UNIT'),
		('GREAT_PERSON_CLASS_AVIATOR', 'KIND_GREAT_PERSON_CLASS'),
		('PSEUDOYIELD_GPP_AVIATOR', 'KIND_PSEUDOYIELD'),
		('GREAT_PERSON_AVIATOR_SIR_GEORGE_CAYLEY', 'KIND_GREAT_PERSON_INDIVIDUAL'),  -- $ (father of aviation) -  boosts for flight, advanced flight, lasers, rocketry, and stealth tech
		('GREAT_PERSON_AVIATOR_OLIVER_WRIGHT', 'KIND_GREAT_PERSON_INDIVIDUAL'), --  $ grants a biplane and 1 oil per turn
		('GREAT_PERSON_AVIATOR_WILBUR_WRIGHT', 'KIND_GREAT_PERSON_INDIVIDUAL'), -- $ somebody to instantly build a hangar, hangar bonus production
		('GREAT_PERSON_AVIATOR_THADDEUS_S_C_LOWE', 'KIND_GREAT_PERSON_INDIVIDUAL'), --$ (union officer of balloon reconnaissance)- observation balloons and drones + 1 sight and grants a free balloon
		('UNIT_ABILITY_THADDEUS_S_C_LOWE_VISION', 'KIND_ABILITY'),
		--('GREAT_PERSON_AVIATOR_CHARLES_E_TAYLOR', 'KIND_GREAT_PERSON_INDIVIDUAL'), --(mechanic for the wright brothers) - some mechanic to give a bonus to aircraft healing TO DO: modifiertype for bonus healing seems a little wacky lets get back to this
		('GREAT_PERSON_AVIATOR_RENE_LORIN', 'KIND_GREAT_PERSON_INDIVIDUAL'), --$ (accent on second e, patened the ramjet engine) - +2 range for bombers, NO BONUS FOR FIGHTERS
		('UNIT_ABILITY_RENE_LORIN_RANGE_FIGHTER', 'KIND_ABILITY'), --giving this to chuck yeager to balance the power
		('UNIT_ABILITY_RENE_LORIN_RANGE_BOMBER', 'KIND_ABILITY'),
		('GREAT_PERSON_AVIATOR_MANFRED_ALBRECHT_FREIHERR_VON_RICHTHOFEN', 'KIND_GREAT_PERSON_INDIVIDUAL'), -- $ red baron - fighters gain +10 combat strength against aircraft
		('UNIT_ABILITY_RED_BARON_COMBAT_BONUS', 'KIND_ABILITY'),
		('GREAT_PERSON_AVIATOR_PERCIVAL_E_FANSLER', 'KIND_GREAT_PERSON_INDIVIDUAL'),--$ (operated first airline? came up with first airline?) - aerodrome and its buildings now make gold instead of costing gold to maintain. (they don't cost much so probably have them pay out a lot) 
		('GREAT_PERSON_AVIATOR_ALBERTO_SANTOS_DUMONT', 'KIND_GREAT_PERSON_INDIVIDUAL'), -- +5% culture and science when not at war (steal this from geneva)
		('GREAT_PERSON_AVIATOR_AMELIA_EARHART', 'KIND_GREAT_PERSON_INDIVIDUAL'), --$ gain 1500 culture (on standard speed) TO DO: grants sufferage (or extra culture if its already been discovered)
		('GREAT_PERSON_AVIATOR_CARL_RICHARD_NYBERG', 'KIND_GREAT_PERSON_INDIVIDUAL'), --$ instantly build a hangar and airport, airports bonus production 
		('GREAT_PERSON_AVIATOR_RADOJE_LJUTOVAC', 'KIND_GREAT_PERSON_INDIVIDUAL'), --$ (shot an aircraft with a regular cannon like a real playah) - land anti aircraft a bonus
		('UNIT_ABILITY_RADOJE_LJUTOVAC_ANTI_AIRCRAFT_STRENGTH', 'KIND_ABILITY'),
		('GREAT_PERSON_AVIATOR_FLOYD_FOGLEMAN', 'KIND_GREAT_PERSON_INDIVIDUAL'), -- $ (invented a good paper airplane airfoil this is awesome) - some air foil researcher to give a bonus to production of aircraft
		('GREAT_PERSON_AVIATOR_CLEMENT_ADER', 'KIND_GREAT_PERSON_INDIVIDUAL'), -- $ (first person to envision what would be considered a modern aircraft carrier) - someone to grant bonus production and strength to aircraft carriers and an aircraft carrier
		('UNIT_ABILITY_CLEMENT_ADER_COMBAT_BONUS', 'KIND_ABILITY'),
		('GREAT_PERSON_AVIATOR_HERMANN_GANSWINDT', 'KIND_GREAT_PERSON_INDIVIDUAL'), -- $ (invented helicopters and airships) - grants a helicopter with one promotion level, and 1 aluminum per turn.
		('GREAT_PERSON_AVIATOR_GUSTAV_RASMUS', 'KIND_GREAT_PERSON_INDIVIDUAL'), --$ (sounds like he came up with the idea of laser guided missiles? he makes more sense as land anti aircraft but dont worry about it) - someone to give navy units with anti aicraft power an increase to that value
		('UNIT_ABILITY_GUSTAV_RASMUS_ANTI_AIRCRAFT_BOATS', 'KIND_ABILITY'),
		('GREAT_PERSON_AVIATOR_CHUCK_YEAGER', 'KIND_GREAT_PERSON_INDIVIDUAL'), -- +1 range for fighters, steal it from rene lorin
		('GREAT_PERSON_AVIATOR_DOUGLAS_DOUGLAS_HAMILTON', 'KIND_GREAT_PERSON_INDIVIDUAL'), --$ first to fly over everest, grant a culture bonus for adjacent mountains (bonus if those mountains are tundra or snowy)
		--('GREAT_PERSON_AVIATOR_NEIL_ARMSTRONG', 'KIND_GREAT_PERSON_INDIVIDUAL'), -- ( buzz we love u too) -- all spaceport projects grant a culture bonus TO DO: I'll probably need to mess around in lua for this. It shouldn't be terrible, just need to check for active modifiers and then grant culture/science on certain named projection completion. 
		('GREAT_PERSON_AVIATOR_ROBERT_HUTCHINGS_GODDARD', 'KIND_GREAT_PERSON_INDIVIDUAL'), --$ (father of rocket propulsion) - +50% production towards spaceport projects yes I know he already exists but have you seen the rocket equation it is delicate and beautiful
		
		('POLICY_GREAT_AVIATOR_SMALL', 'KIND_POLICY'),
		('POLICY_GREAT_AVIATOR_BIG', 'KIND_POLICY'),
		
		
		('DUMMY_ERA_GREAT_AVIATORS_1', 'KIND_ERA'),
		('DUMMY_ERA_GREAT_AVIATORS_2', 'KIND_ERA'),
		('DUMMY_ERA_GREAT_AVIATORS_3', 'KIND_ERA'),
		('DUMMY_ERA_GREAT_AVIATORS_4', 'KIND_ERA'); 


--TO DO: add pseudoyield ai favored stuff


--so here's the catch: great people cost is determined ONLY by what era they are in. I want aviator to be a little more expensive so that people can't just buy them early on. In hindsight I could just require an aerodrome district for everybody but I like being a little silly sometimes and having weird activation mechanisms.
--SO we will create a fake era that never occurs and has no technology, and in localization we'll name it after eras that already exist so that it won't stick out as a faker ;)
INSERT INTO Eras
		(EraType,							 Name,								Description,						ChronologyIndex, WarmongerPoints, GreatPersonBaseCost,	 EraTechBackgroundTexture, EraCivicBackgroundTexture, WarmongerLevelDescription, EmbarkedUnitStrength, EraTechBackgroundTextureOffsetX, EraCivicBackgroundTextureOffsetX, TechTreeLayoutMethod)
VALUES  ('DUMMY_ERA_GREAT_AVIATORS_1', 'LOC_DUMMY_ERA_GREAT_AVIATORS_1_NAME', 'LOC_DUMMY_ERA_GREAT_AVIATORS_1_DESC',       69420         ,    0,                  200,                    'TechTree_BGModern', 'TechTree_BGFuture',      'LOC_WARMONGER_LEVEL_NONE', 69,                       0,                                  0,                            'Cost' ),
		('DUMMY_ERA_GREAT_AVIATORS_2', 'LOC_DUMMY_ERA_GREAT_AVIATORS_2_NAME', 'LOC_DUMMY_ERA_GREAT_AVIATORS_2_DESC',       69421         ,    0,                  420,                    'TechTree_BGModern', 'TechTree_BGFuture',      'LOC_WARMONGER_LEVEL_NONE', 69,                       0,                                  0,                            'Cost' ),
		('DUMMY_ERA_GREAT_AVIATORS_3', 'LOC_DUMMY_ERA_GREAT_AVIATORS_3_NAME', 'LOC_DUMMY_ERA_GREAT_AVIATORS_3_DESC',       69422         ,    0,                  960,                    'TechTree_BGModern', 'TechTree_BGFuture',      'LOC_WARMONGER_LEVEL_NONE', 69,                       0,                                  0,                            'Cost' ),
		('DUMMY_ERA_GREAT_AVIATORS_4', 'LOC_DUMMY_ERA_GREAT_AVIATORS_4_NAME', 'LOC_DUMMY_ERA_GREAT_AVIATORS_4_DESC',       69423         ,    0,                  1320,                    'TechTree_BGModern', 'TechTree_BGFuture',      'LOC_WARMONGER_LEVEL_NONE', 69,                       0,                                  0,                            'Cost' );      



INSERT INTO PseudoYields
		(PseudoYieldType, DefaultValue)
VALUES  ('PSEUDOYIELD_GPP_AVIATOR', 0.5);

INSERT INTO TypeTags
		(Type, Tag)
VALUES  ('UNIT_GREAT_AVIATOR', 'CLASS_LANDCIVILIAN');

INSERT INTO Units
		(UnitType,				Cost, BaseMoves, BaseSightRange, ZoneOfControl, Domain,			FormationClass,				Name,								Description,				CanCapture, CanRetreatWhenCaptured, CanTrain)
VALUES  ('UNIT_GREAT_AVIATOR',	1,		4,			2,				0, 'DOMAIN_LAND', 'FORMATION_CLASS_CIVILIAN', 'LOC_UNIT_GREAT_AVIATOR_NAME', 'LOC_UNIT_GREAT_AVIATOR_DESCRIPTION',			0,		 1,		 0);

INSERT INTO UnitAiInfos
		(UnitType, AiType)
VALUES  ('UNIT_GREAT_AVIATOR', 'UNITTYPE_CIVILIAN'),
		('UNIT_GREAT_AVIATOR', 'UNITAI_LEADER');

INSERT INTO GreatPersonClasses
		(GreatPersonClassType,			 Name,									 UnitType,					DistrictType,			PseudoYieldType,		 IconString,			ActionIcon                      )
VALUES  ('GREAT_PERSON_CLASS_AVIATOR', 'LOC_GREAT_PERSON_CLASS_AVIATOR_NAME', 'UNIT_GREAT_AVIATOR',		 'DISTRICT_AERODROME',			 'PSEUDOYIELD_GPP_AVIATOR', '[ICON_GreatAviator]', 'ICON_UNITOPERATION_AVIATOR_ACTION');





INSERT INTO GreatPersonIndividuals
		(GreatPersonIndividualType,					Name,											 GreatPersonClassType,			 eraType,									Gender, ActionCharges, ActionRequiresOwnedTile,       ActionRequiresUnownedTile,         ActionRequiresNoMilitaryUnit, ActionRequiresOnOrAdjacentFeatureType, ActionRequiresMilitaryUnitDomain, AreaHighlightRadius, ActionRequiresCompletedDistrictType,         ActionRequiresAdjacentMountain, ActionEffectTileHighlighting, ActionEffectTextOverride)
VALUES  ('GREAT_PERSON_AVIATOR_SIR_GEORGE_CAYLEY', 'LOC_GREAT_PERSON_AVIATOR_SIR_GEORGE_CAYLEY',    'GREAT_PERSON_CLASS_AVIATOR',    'DUMMY_ERA_GREAT_AVIATORS_2',				'M',    1,            0,				                    0,										0,      			  NULL,									NULL,                                  NULL,                          NULL,										0,							0,                 'LOC_GREAT_PERSON_AVIATOR_SIR_GEORGE_CAYLEY_ACTION'  ), --LOC_GREATPERSON_ACTION_NAME_RETIRE
		('GREAT_PERSON_AVIATOR_OLIVER_WRIGHT',		'LOC_GREAT_PERSON_AVIATOR_OLIVER_WRIGHT',		'GREAT_PERSON_CLASS_AVIATOR',    'DUMMY_ERA_GREAT_AVIATORS_2',				'M',    1,            1,				                    0,										0,      			  NULL,									NULL,                                  NULL,                          'DISTRICT_AERODROME',						0,							1,                 'LOC_GREAT_PERSON_AVIATOR_OLIVER_WRIGHT_ACTION'  ),
		('GREAT_PERSON_AVIATOR_WILBUR_WRIGHT',		'LOC_GREAT_PERSON_AVIATOR_WILBUR_WRIGHT',		'GREAT_PERSON_CLASS_AVIATOR',    'DUMMY_ERA_GREAT_AVIATORS_2',				'M',    1,            1,				                    0,										0,      			  NULL,									NULL,                                  NULL,                          'DISTRICT_AERODROME',						0,							1,                 'LOC_GREAT_PERSON_AVIATOR_WILBUR_WRIGHT_ACTION'  ),
		('GREAT_PERSON_AVIATOR_THADDEUS_S_C_LOWE',		'LOC_GREAT_PERSON_AVIATOR_THADDEUS_S_C_LOWE',		'GREAT_PERSON_CLASS_AVIATOR',    'DUMMY_ERA_GREAT_AVIATORS_2',		'M',    1,            1,				                    0,										0,      			  NULL,									NULL,                                  NULL,                          'DISTRICT_AERODROME',						0,							1,                 'LOC_GREAT_PERSON_AVIATOR_THADDEUS_S_C_LOWE_ACTION'  ),	
		('GREAT_PERSON_AVIATOR_RENE_LORIN',		'LOC_GREAT_PERSON_AVIATOR_RENE_LORIN',		'GREAT_PERSON_CLASS_AVIATOR',    'DUMMY_ERA_GREAT_AVIATORS_2',						'M',    1,            1,				                    0,										0,      			  NULL,									NULL,                                  NULL,                          'DISTRICT_AERODROME',						0,							1,                 'LOC_GREAT_PERSON_AVIATOR_RENE_LORIN_ACTION'  ),		
		('GREAT_PERSON_AVIATOR_MANFRED_ALBRECHT_FREIHERR_VON_RICHTHOFEN',		'LOC_GREAT_PERSON_AVIATOR_MANFRED_ALBRECHT_FREIHERR_VON_RICHTHOFEN',		'GREAT_PERSON_CLASS_AVIATOR',    'DUMMY_ERA_GREAT_AVIATORS_3',		'M',    1,       1, 0,								0,      			  NULL,									NULL,                                  NULL,                          'DISTRICT_AERODROME',						0,							1,                 'LOC_GREAT_PERSON_AVIATOR_MANFRED_ALBRECHT_FREIHERR_VON_RICHTHOFEN_ACTION'  ),	
		('GREAT_PERSON_AVIATOR_PERCIVAL_E_FANSLER',		'LOC_GREAT_PERSON_AVIATOR_PERCIVAL_E_FANSLER',		'GREAT_PERSON_CLASS_AVIATOR',    'DUMMY_ERA_GREAT_AVIATORS_3',		'M',    1,            1,				                    0,										0,      			  NULL,									NULL,                                  NULL,                          'DISTRICT_AERODROME',						0,							1,                 'LOC_GREAT_PERSON_AVIATOR_PERCIVAL_E_FANSLER_ACTION'  ),
		('GREAT_PERSON_AVIATOR_AMELIA_EARHART',		'LOC_GREAT_PERSON_AVIATOR_AMELIA_EARHART',		'GREAT_PERSON_CLASS_AVIATOR',    'DUMMY_ERA_GREAT_AVIATORS_3',				 'F',    1,            0,				                    0,										0,      			  'FEATURE_REEF',						NULL,                                  NULL,                          NULL,										0,							1,                 'LOC_GREAT_PERSON_AVIATOR_AMELIA_EARHART_ACTION'  ),
		('GREAT_PERSON_AVIATOR_CARL_RICHARD_NYBERG', 'LOC_GREAT_PERSON_AVIATOR_CARL_RICHARD_NYBERG', 'GREAT_PERSON_CLASS_AVIATOR', 'DUMMY_ERA_GREAT_AVIATORS_3',				 'M',    1,            1,				                    0,										0,      			  NULL,									NULL,                                  NULL,                          'DISTRICT_AERODROME',						0,							1,                 'LOC_GREAT_PERSON_AVIATOR_CARL_RICHARD_NYBERG_ACTION'  ),	
		('GREAT_PERSON_AVIATOR_RADOJE_LJUTOVAC', 'LOC_GREAT_PERSON_AVIATOR_RADOJE_LJUTOVAC',			'GREAT_PERSON_CLASS_AVIATOR', 'DUMMY_ERA_GREAT_AVIATORS_3',				 'M',    1,            1,				                    0,										0,      			  NULL,									NULL,                                  NULL,                          'DISTRICT_AERODROME',						0,							1,                 'LOC_GREAT_PERSON_AVIATOR_RADOJE_LJUTOVAC_ACTION'  ),				
		('GREAT_PERSON_AVIATOR_FLOYD_FOGLEMAN',		'LOC_GREAT_PERSON_AVIATOR_FLOYD_FOGLEMAN',		 'GREAT_PERSON_CLASS_AVIATOR', 'DUMMY_ERA_GREAT_AVIATORS_3',				 'M',    1,            1,				                    0,										0,      			  NULL,									NULL,                                  NULL,                          'DISTRICT_AERODROME',						0,							1,                 'LOC_GREAT_PERSON_AVIATOR_FLOYD_FOGLEMAN_ACTION'  ),	
		('GREAT_PERSON_AVIATOR_CLEMENT_ADER',		'LOC_GREAT_PERSON_AVIATOR_CLEMENT_ADER',		 'GREAT_PERSON_CLASS_AVIATOR', 'DUMMY_ERA_GREAT_AVIATORS_3',				 'M',    1,            1,				                    0,										0,      			  NULL,									NULL,                                  NULL,                          'DISTRICT_AERODROME',						0,							1,                 'LOC_GREAT_PERSON_AVIATOR_CLEMENT_ADER_ACTION'  ),	
		('GREAT_PERSON_AVIATOR_HERMANN_GANSWINDT', 'LOC_GREAT_PERSON_AVIATOR_HERMANN_GANSWINDT',	 'GREAT_PERSON_CLASS_AVIATOR', 'DUMMY_ERA_GREAT_AVIATORS_4',				 'M',    1,            1,				                    0,										0,      			  NULL,									NULL,                                  NULL,                          'DISTRICT_AERODROME',						0,							1,                 'LOC_GREAT_PERSON_AVIATOR_HERMANN_GANSWINDT_ACTION'  ),
		('GREAT_PERSON_AVIATOR_GUSTAV_RASMUS', 'LOC_GREAT_PERSON_AVIATOR_GUSTAV_RASMUS',		 'GREAT_PERSON_CLASS_AVIATOR',		'DUMMY_ERA_GREAT_AVIATORS_4',			     'M',    1,            1,				                    0,										0,      			  NULL,									NULL,                                  NULL,                          'DISTRICT_AERODROME',						0,							1,                 'LOC_GREAT_PERSON_AVIATOR_GUSTAV_RASMUS_ACTION'  ),	
		('GREAT_PERSON_AVIATOR_CHUCK_YEAGER', 'LOC_GREAT_PERSON_AVIATOR_CHUCK_YEAGER',			 'GREAT_PERSON_CLASS_AVIATOR',		'DUMMY_ERA_GREAT_AVIATORS_1',			     'M',    1,            1,				                    0,										0,      			  NULL,									NULL,                                  NULL,                          'DISTRICT_AERODROME',						0,							1,                 'LOC_GREAT_PERSON_AVIATOR_CHUCK_YEAGER_ACTION'  ),	
		('GREAT_PERSON_AVIATOR_DOUGLAS_DOUGLAS_HAMILTON', 'LOC_GREAT_PERSON_AVIATOR_DOUGLAS_DOUGLAS_HAMILTON',	 'GREAT_PERSON_CLASS_AVIATOR', 'DUMMY_ERA_GREAT_AVIATORS_4',	 'M',    1,            0,				                    0,										0,      			  NULL,									NULL,                                  NULL,                          NULL,										1,							1,                 'LOC_GREAT_PERSON_AVIATOR_DOUGLAS_DOUGLAS_HAMILTON_ACTION'  ),
		('GREAT_PERSON_AVIATOR_ROBERT_HUTCHINGS_GODDARD', 'LOC_GREAT_PERSON_AVIATOR_ROBERT_HUTCHINGS_GODDARD', 'GREAT_PERSON_CLASS_AVIATOR', 'DUMMY_ERA_GREAT_AVIATORS_4',		 'M',    1,            1,				                    0,										0,      			  NULL,									NULL,                                  NULL,                          'DISTRICT_SPACEPORT',						0,							1,                 'LOC_GREAT_PERSON_AVIATOR_ROBERT_HUTCHINGS_GODDARD_ACTION'  );  

INSERT INTO Tags
		(Tag, Vocabulary)
VALUES  ('CLASS_GREAT_AVIATORS_LAND_ANTI_AIR', 'ABILITY_CLASS'),
		('CLASS_GREAT_AVIATORS_WATER_ANTI_AIR', 'ABILITY_CLASS');

INSERT INTO TypeTags
		(Type, Tag)
VALUES  ('UNIT_ABILITY_THADDEUS_S_C_LOWE_VISION', 'CLASS_OBSERVATION'),
		('UNIT_ABILITY_RENE_LORIN_RANGE_FIGHTER', 'CLASS_AIR_FIGHTER'),
		('UNIT_ABILITY_RENE_LORIN_RANGE_BOMBER', 'CLASS_AIR_BOMBER'),
		('UNIT_ABILITY_RED_BARON_COMBAT_BONUS', 'CLASS_AIR_FIGHTER'), 
		('UNIT_ANTIAIR_GUN', 'CLASS_GREAT_AVIATORS_LAND_ANTI_AIR'), --unique tags to prevent conflicts
		('UNIT_MOBILE_SAM', 'CLASS_GREAT_AVIATORS_LAND_ANTI_AIR'), --unique tags to prevent conflicts
		('UNIT_ABILITY_RADOJE_LJUTOVAC_ANTI_AIRCRAFT_STRENGTH', 'CLASS_GREAT_AVIATORS_LAND_ANTI_AIR'),
		('UNIT_DESTROYER', 'CLASS_GREAT_AVIATORS_WATER_ANTI_AIR'), --unique tags to prevent conflicts
		('UNIT_MISSILE_CRUISER', 'CLASS_GREAT_AVIATORS_WATER_ANTI_AIR'), --unique tags to prevent conflicts
		('UNIT_BRAZILIAN_MINAS_GERAES', 'CLASS_GREAT_AVIATORS_WATER_ANTI_AIR'), --unique tags to prevent conflicts
		('UNIT_BATTLESHIP', 'CLASS_GREAT_AVIATORS_WATER_ANTI_AIR'), --unique tags to prevent conflicts
		('UNIT_ABILITY_GUSTAV_RASMUS_ANTI_AIRCRAFT_BOATS', 'CLASS_GREAT_AVIATORS_WATER_ANTI_AIR'),
		('UNIT_ABILITY_CLEMENT_ADER_COMBAT_BONUS', 'CLASS_NAVAL_CARRIER');

INSERT INTO UnitAbilities
		(UnitAbilityType, Name, Description, Inactive)
VALUES  ('UNIT_ABILITY_THADDEUS_S_C_LOWE_VISION', 'LOC_UNIT_ABILITY_THADDEUS_S_C_LOWE_VISION_NAME', 'LOC_UNIT_ABILITY_THADDEUS_S_C_LOWE_VISION_DESC', 1),
		('UNIT_ABILITY_RENE_LORIN_RANGE_FIGHTER', 'LOC_UNIT_ABILITY_RENE_LORIN_RANGE_FIGHTER_NAME', 'LOC_UNIT_ABILITY_RENE_LORIN_RANGE_FIGHTER_DESC', 1),
		('UNIT_ABILITY_RENE_LORIN_RANGE_BOMBER', 'LOC_UNIT_ABILITY_RENE_LORIN_RANGE_BOMBER_NAME', 'LOC_UNIT_ABILITY_RENE_LORIN_RANGE_BOMBER_DESC', 1),
		('UNIT_ABILITY_RED_BARON_COMBAT_BONUS', 'LOC_UNIT_ABILITY_RED_BARON_COMBAT_BONUS_NAME', 'LOC_UNIT_ABILITY_RED_BARON_COMBAT_BONUS_DESC', 1),
		('UNIT_ABILITY_RADOJE_LJUTOVAC_ANTI_AIRCRAFT_STRENGTH', 'LOC_UNIT_ABILITY_RADOJE_LJUTOVAC_ANTI_AIRCRAFT_STRENGTH_NAME', 'LOC_UNIT_ABILITY_RADOJE_LJUTOVAC_ANTI_AIRCRAFT_STRENGTH_DESC', 1),
		('UNIT_ABILITY_GUSTAV_RASMUS_ANTI_AIRCRAFT_BOATS', 'LOC_UNIT_ABILITY_GUSTAV_RASMUS_ANTI_AIRCRAFT_BOATS_NAME', 'LOC_UNIT_ABILITY_GUSTAV_RASMUS_ANTI_AIRCRAFT_BOATS_DESC', 1),
		('UNIT_ABILITY_CLEMENT_ADER_COMBAT_BONUS', 'LOC_UNIT_ABILITY_CLEMENT_ADER_COMBAT_BONUS_NAME', 'LOC_UNIT_ABILITY_CLEMENT_ADER_COMBAT_BONUS_DESC', 1);

INSERT INTO UnitAbilityModifiers
		(UnitAbilityType, ModifierId)
VALUES  ('UNIT_ABILITY_THADDEUS_S_C_LOWE_VISION', 'UNIT_ABILITY_THADDEUS_S_C_LOWE_VISION_MODIFIERID'),
		('UNIT_ABILITY_RENE_LORIN_RANGE_FIGHTER', 'UNIT_ABILITY_RENE_LORIN_RANGE_FIGHTER_MODIFIERID'),
		('UNIT_ABILITY_RENE_LORIN_RANGE_BOMBER', 'UNIT_ABILITY_RENE_LORIN_RANGE_BOMBER_MODIFIERID'),
		('UNIT_ABILITY_RED_BARON_COMBAT_BONUS', 'UNIT_ABILITY_RED_BARON_COMBAT_BONUS_MODIFIERID'),
		('UNIT_ABILITY_RADOJE_LJUTOVAC_ANTI_AIRCRAFT_STRENGTH', 'UNIT_ABILITY_RADOJE_LJUTOVAC_ANTI_AIRCRAFT_STRENGTH_MODIFIERID'),
		('UNIT_ABILITY_GUSTAV_RASMUS_ANTI_AIRCRAFT_BOATS', 'UNIT_ABILITY_GUSTAV_RASMUS_ANTI_AIRCRAFT_BOATS_MODIFIERID' ),
		('UNIT_ABILITY_CLEMENT_ADER_COMBAT_BONUS', 'UNIT_ABILITY_CLEMENT_ADER_COMBAT_BONUS_MODIFIERID');


INSERT INTO GreatPersonIndividualActionModifiers
		(GreatPersonIndividualType,								 ModifierId,														AttachmentTargetType)
VALUES  (	'GREAT_PERSON_AVIATOR_SIR_GEORGE_CAYLEY', 'GREAT_PERSON_AVIATOR_SIR_GEORGE_CAYLEY_MODIFIERID_1',			'GREAT_PERSON_ACTION_ATTACHMENT_TARGET_UNIT_GREATPERSON'),
		(	'GREAT_PERSON_AVIATOR_SIR_GEORGE_CAYLEY', 'GREAT_PERSON_AVIATOR_SIR_GEORGE_CAYLEY_MODIFIERID_2',			'GREAT_PERSON_ACTION_ATTACHMENT_TARGET_UNIT_GREATPERSON'),
		(	'GREAT_PERSON_AVIATOR_SIR_GEORGE_CAYLEY', 'GREAT_PERSON_AVIATOR_SIR_GEORGE_CAYLEY_MODIFIERID_3',			'GREAT_PERSON_ACTION_ATTACHMENT_TARGET_UNIT_GREATPERSON'),
		(	'GREAT_PERSON_AVIATOR_SIR_GEORGE_CAYLEY', 'GREAT_PERSON_AVIATOR_SIR_GEORGE_CAYLEY_MODIFIERID_4',			'GREAT_PERSON_ACTION_ATTACHMENT_TARGET_UNIT_GREATPERSON'),
		
		(	'GREAT_PERSON_AVIATOR_OLIVER_WRIGHT', 'GREAT_PERSON_AVIATOR_OLIVER_WRIGHT_MODIFIERID',			'GREAT_PERSON_ACTION_ATTACHMENT_TARGET_UNIT_GREATPERSON'),
		(	'GREAT_PERSON_AVIATOR_OLIVER_WRIGHT', 'GREATPERSON_GRANT_1_OIL_PER_TURN',			'GREAT_PERSON_ACTION_ATTACHMENT_TARGET_UNIT_GREATPERSON'),

		(	'GREAT_PERSON_AVIATOR_WILBUR_WRIGHT', 'GREAT_PERSON_AVIATOR_WILBUR_WRIGHT_HANGAR_BONUS_PRODUCTION_MODIFIERID',			'GREAT_PERSON_ACTION_ATTACHMENT_TARGET_DISTRICT_IN_TILE'),
		(	'GREAT_PERSON_AVIATOR_WILBUR_WRIGHT', 'GREAT_PERSON_AVIATOR_BUILD_HANGAR_MODIFIERID',			'GREAT_PERSON_ACTION_ATTACHMENT_TARGET_DISTRICT_IN_TILE'),

		(	'GREAT_PERSON_AVIATOR_THADDEUS_S_C_LOWE', 'GREAT_PERSON_AVIATOR_THADDEUS_S_C_LOWE_MODIFIERID',			'GREAT_PERSON_ACTION_ATTACHMENT_TARGET_UNIT_GREATPERSON'),
		(	'GREAT_PERSON_AVIATOR_THADDEUS_S_C_LOWE', 'GREAT_PERSON_AVIATOR_THADDEUS_S_C_LOWE_MODIFIERID_2',			'GREAT_PERSON_ACTION_ATTACHMENT_TARGET_UNIT_GREATPERSON'),

		(	'GREAT_PERSON_AVIATOR_RENE_LORIN', 'GREAT_PERSON_AVIATOR_RENE_LORIN_GRANT_ABILITY_MODIFIERID',			'GREAT_PERSON_ACTION_ATTACHMENT_TARGET_UNIT_GREATPERSON'),
		--(	'GREAT_PERSON_AVIATOR_RENE_LORIN', 'GREAT_PERSON_AVIATOR_RENE_LORIN_GRANT_ABILITY_MODIFIERID_2',			'GREAT_PERSON_ACTION_ATTACHMENT_TARGET_UNIT_GREATPERSON'), --Yoinked over to chuck yeager

		(	'GREAT_PERSON_AVIATOR_MANFRED_ALBRECHT_FREIHERR_VON_RICHTHOFEN', 'GREAT_PERSON_AVIATOR_MANFRED_ALBRECHT_FREIHERR_VON_RICHTHOFEN_MODIFIERID',			'GREAT_PERSON_ACTION_ATTACHMENT_TARGET_UNIT_GREATPERSON'),

		(	'GREAT_PERSON_AVIATOR_PERCIVAL_E_FANSLER', 'GREAT_PERSON_AVIATOR_PERCIVAL_E_FANSLER_HANGAR_BONUS_GOLD_MODIFIERID',			'GREAT_PERSON_ACTION_ATTACHMENT_TARGET_DISTRICT_IN_TILE'),
		(	'GREAT_PERSON_AVIATOR_PERCIVAL_E_FANSLER', 'GREAT_PERSON_AVIATOR_PERCIVAL_E_FANSLER_AIRPORT_BONUS_GOLD_MODIFIERID',			'GREAT_PERSON_ACTION_ATTACHMENT_TARGET_DISTRICT_IN_TILE'),
		
		(   'GREAT_PERSON_AVIATOR_AMELIA_EARHART', 'GREAT_PERSON_AVIATOR_AMELIA_EARHART_MODIFIERID', 'GREAT_PERSON_ACTION_ATTACHMENT_TARGET_UNIT_GREATPERSON'),

		(	'GREAT_PERSON_AVIATOR_CARL_RICHARD_NYBERG', 'GREAT_PERSON_AVIATOR_CARL_RICHARD_NYBERG_AIRPORT_BONUS_PRODUCTION_MODIFIERID',			'GREAT_PERSON_ACTION_ATTACHMENT_TARGET_DISTRICT_IN_TILE'),
		(	'GREAT_PERSON_AVIATOR_CARL_RICHARD_NYBERG', 'GREAT_PERSON_AVIATOR_BUILD_HANGAR_MODIFIERID',			'GREAT_PERSON_ACTION_ATTACHMENT_TARGET_DISTRICT_IN_TILE'),
		(	'GREAT_PERSON_AVIATOR_CARL_RICHARD_NYBERG', 'GREAT_PERSON_AVIATOR_BUILD_AIRPORT_MODIFIERID',			'GREAT_PERSON_ACTION_ATTACHMENT_TARGET_DISTRICT_IN_TILE'),

		(	'GREAT_PERSON_AVIATOR_RADOJE_LJUTOVAC', 'GREAT_PERSON_AVIATOR_RADOJE_LJUTOVAC_GRANT_ABILITY_MODIFIERID',			'GREAT_PERSON_ACTION_ATTACHMENT_TARGET_UNIT_GREATPERSON'),

		(	'GREAT_PERSON_AVIATOR_FLOYD_FOGLEMAN', 'GREAT_PERSON_AVIATOR_FLOYD_FOGLEMAN_MODIFIERID',			'GREAT_PERSON_ACTION_ATTACHMENT_TARGET_UNIT_GREATPERSON'),
		(	'GREAT_PERSON_AVIATOR_FLOYD_FOGLEMAN', 'GREAT_PERSON_AVIATOR_FLOYD_FOGLEMAN_MODIFIERID_2',			'GREAT_PERSON_ACTION_ATTACHMENT_TARGET_UNIT_GREATPERSON'),

		(	'GREAT_PERSON_AVIATOR_CLEMENT_ADER', 'GREAT_PERSON_AVIATOR_CLEMENT_ADER_GRANT_ABILITY_MODIFIERID',			'GREAT_PERSON_ACTION_ATTACHMENT_TARGET_UNIT_GREATPERSON'),
		(	'GREAT_PERSON_AVIATOR_CLEMENT_ADER', 'GREAT_PERSON_AVIATOR_CLEMENT_ADER_GRANT_PRODUCTION_MODIFIERID',			'GREAT_PERSON_ACTION_ATTACHMENT_TARGET_UNIT_GREATPERSON'),

		(	'GREAT_PERSON_AVIATOR_HERMANN_GANSWINDT', 'GREAT_PERSON_AVIATOR_HERMANN_GANSWINDT_MODIFIERID',			'GREAT_PERSON_ACTION_ATTACHMENT_TARGET_UNIT_GREATPERSON'),
		(	'GREAT_PERSON_AVIATOR_HERMANN_GANSWINDT', 'GREAT_AVIATOR_GRANT_1_ALUMINUM_PER_TURN',			'GREAT_PERSON_ACTION_ATTACHMENT_TARGET_UNIT_GREATPERSON'),--unique modifierid to prevent conflicts with other mods

		(	'GREAT_PERSON_AVIATOR_GUSTAV_RASMUS', 'GREAT_PERSON_AVIATOR_GUSTAV_RASMUS_GRANT_ABILITY_MODIFIERID',			'GREAT_PERSON_ACTION_ATTACHMENT_TARGET_UNIT_GREATPERSON'),

		(	'GREAT_PERSON_AVIATOR_CHUCK_YEAGER', 'GREAT_PERSON_AVIATOR_RENE_LORIN_GRANT_ABILITY_MODIFIERID_2',			'GREAT_PERSON_ACTION_ATTACHMENT_TARGET_UNIT_GREATPERSON'), --yoinked from rene lorin

		(	'GREAT_PERSON_AVIATOR_DOUGLAS_DOUGLAS_HAMILTON', 'GREAT_AVIATOR_ADJACENT_GRASSMOUNTAIN_CULTURE',			'GREAT_PERSON_ACTION_ATTACHMENT_TARGET_UNIT_GREATPERSON'),--unique modifierid to prevent conflicts with other mods
		(	'GREAT_PERSON_AVIATOR_DOUGLAS_DOUGLAS_HAMILTON', 'GREAT_AVIATOR_ADJACENT_PLAINSMOUNTAIN_CULTURE',			'GREAT_PERSON_ACTION_ATTACHMENT_TARGET_UNIT_GREATPERSON'),--unique modifierid to prevent conflicts with other mods
		(	'GREAT_PERSON_AVIATOR_DOUGLAS_DOUGLAS_HAMILTON', 'GREAT_AVIATOR_ADJACENT_DESERTMOUNTAIN_CULTURE',			'GREAT_PERSON_ACTION_ATTACHMENT_TARGET_UNIT_GREATPERSON'),--unique modifierid to prevent conflicts with other mods
		(	'GREAT_PERSON_AVIATOR_DOUGLAS_DOUGLAS_HAMILTON', 'GREAT_AVIATOR_ADJACENT_TUNDRAMOUNTAIN_CULTURE',			'GREAT_PERSON_ACTION_ATTACHMENT_TARGET_UNIT_GREATPERSON'),--unique modifierid to prevent conflicts with other mods
		(	'GREAT_PERSON_AVIATOR_DOUGLAS_DOUGLAS_HAMILTON', 'GREAT_AVIATOR_ADJACENT_SNOWMOUNTAIN_CULTURE',				'GREAT_PERSON_ACTION_ATTACHMENT_TARGET_UNIT_GREATPERSON'),--unique modifierid to prevent conflicts with other mods
		
		(   'GREAT_PERSON_AVIATOR_ROBERT_HUTCHINGS_GODDARD', 'GREAT_PERSON_AVIATOR_ROBERT_HUTCHINGS_GODDARD_MODIFIERID', 'GREAT_PERSON_ACTION_ATTACHMENT_TARGET_DISTRICT_IN_TILE');
		 

INSERT INTO Modifiers
		(ModifierId,											ModifierType,									RunOnce, Permanent, SubjectRequirementSetId)
VALUES  ( 'GREAT_PERSON_AVIATOR_SIR_GEORGE_CAYLEY_MODIFIERID_1', 'MODIFIER_PLAYER_GRANT_SPECIFIC_TECH_BOOST',       1,        1,          NULL    ),
		( 'GREAT_PERSON_AVIATOR_SIR_GEORGE_CAYLEY_MODIFIERID_2', 'MODIFIER_PLAYER_GRANT_SPECIFIC_TECH_BOOST',       1,        1,          NULL    ),
		( 'GREAT_PERSON_AVIATOR_SIR_GEORGE_CAYLEY_MODIFIERID_3', 'MODIFIER_PLAYER_GRANT_SPECIFIC_TECH_BOOST',       1,        1,          NULL     ),
		( 'GREAT_PERSON_AVIATOR_SIR_GEORGE_CAYLEY_MODIFIERID_4', 'MODIFIER_PLAYER_GRANT_SPECIFIC_TECH_BOOST',       1,        1,          NULL     ),

		( 'GREAT_PERSON_AVIATOR_OLIVER_WRIGHT_MODIFIERID',	 'MODIFIER_PLAYER_UNIT_GRANT_UNIT_WITH_EXPERIENCE',       1,        1,          NULL     ),

		( 'GREAT_PERSON_AVIATOR_WILBUR_WRIGHT_HANGAR_BONUS_PRODUCTION_MODIFIERID',	 'MODIFIER_PLAYER_CITIES_ADJUST_BUILDING_YIELD_CHANGE',       1,        1,          NULL     ),
		( 'GREAT_PERSON_AVIATOR_BUILD_HANGAR_MODIFIERID',	 'MODIFIER_SINGLE_CITY_GRANT_BUILDING_IN_CITY_IGNORE',       1,        1,          NULL     ),

		( 'GREAT_PERSON_AVIATOR_THADDEUS_S_C_LOWE_MODIFIERID',	 'MODIFIER_PLAYER_UNITS_GRANT_ABILITY',       0,        1,          NULL     ),
		( 'GREAT_PERSON_AVIATOR_THADDEUS_S_C_LOWE_MODIFIERID_2',	 'MODIFIER_PLAYER_UNIT_GRANT_UNIT_WITH_EXPERIENCE',       1,        1,          NULL     ),
		( 'UNIT_ABILITY_THADDEUS_S_C_LOWE_VISION_MODIFIERID', 'MODIFIER_PLAYER_UNIT_ADJUST_SIGHT',    0,        0,          NULL     ),


		( 'GREAT_PERSON_AVIATOR_RENE_LORIN_GRANT_ABILITY_MODIFIERID',	 'MODIFIER_PLAYER_UNITS_GRANT_ABILITY',       0,        1,          NULL     ),
		( 'GREAT_PERSON_AVIATOR_RENE_LORIN_GRANT_ABILITY_MODIFIERID_2',	 'MODIFIER_PLAYER_UNITS_GRANT_ABILITY',       0,        1,          NULL     ), --actually belongs to chuck yeager now
		('UNIT_ABILITY_RENE_LORIN_RANGE_BOMBER_MODIFIERID',              'MODIFIER_UNIT_ADJUST_ATTACK_RANGE',         0,        0,          NULL     ),
		('UNIT_ABILITY_RENE_LORIN_RANGE_FIGHTER_MODIFIERID',              'MODIFIER_UNIT_ADJUST_ATTACK_RANGE',         0,        0,          NULL     ), --actually belongs to chuck yeager now
		

		( 'GREAT_PERSON_AVIATOR_MANFRED_ALBRECHT_FREIHERR_VON_RICHTHOFEN_MODIFIERID',	 'MODIFIER_PLAYER_UNITS_GRANT_ABILITY',       0,        1,          NULL     ),
		( 'UNIT_ABILITY_RED_BARON_COMBAT_BONUS_MODIFIERID', 'MODIFIER_UNIT_ADJUST_COMBAT_STRENGTH',    0,        0,          NULL     ),

		( 'GREAT_PERSON_AVIATOR_PERCIVAL_E_FANSLER_HANGAR_BONUS_GOLD_MODIFIERID',	 'MODIFIER_PLAYER_CITIES_ADJUST_BUILDING_YIELD_CHANGE',       1,        1,          NULL     ),
		(  'GREAT_PERSON_AVIATOR_PERCIVAL_E_FANSLER_AIRPORT_BONUS_GOLD_MODIFIERID',	 'MODIFIER_PLAYER_CITIES_ADJUST_BUILDING_YIELD_CHANGE',       1,        1,          NULL     ),
		
		( 'GREAT_PERSON_AVIATOR_AMELIA_EARHART_MODIFIERID',	 'MODIFIER_PLAYER_GRANT_YIELD',							  1,        1,          NULL     ),

		( 'GREAT_PERSON_AVIATOR_CARL_RICHARD_NYBERG_AIRPORT_BONUS_PRODUCTION_MODIFIERID',	 'MODIFIER_PLAYER_CITIES_ADJUST_BUILDING_YIELD_CHANGE',       1,        1,          NULL     ),
		( 'GREAT_PERSON_AVIATOR_BUILD_AIRPORT_MODIFIERID',	 'MODIFIER_SINGLE_CITY_GRANT_BUILDING_IN_CITY_IGNORE',       1,        1,          NULL     ),

		( 'GREAT_PERSON_AVIATOR_RADOJE_LJUTOVAC_GRANT_ABILITY_MODIFIERID',	 'MODIFIER_PLAYER_UNITS_GRANT_ABILITY',       0,        1,          NULL     ),
		( 'UNIT_ABILITY_RADOJE_LJUTOVAC_ANTI_AIRCRAFT_STRENGTH_MODIFIERID',		'MODIFIER_SINGLE_UNIT_ADJUST_ANTI_AIR_STRENGTH_MODIFIER',    0,        0,          NULL     ),

		( 'GREAT_PERSON_AVIATOR_FLOYD_FOGLEMAN_MODIFIERID',	 'MODIFIER_PLAYER_CITIES_ADJUST_MILITARY_UNITS_PRODUCTION',			  0,        1,          NULL     ),
		( 'GREAT_PERSON_AVIATOR_FLOYD_FOGLEMAN_MODIFIERID_2',	 'MODIFIER_PLAYER_CITIES_ADJUST_MILITARY_UNITS_PRODUCTION',       0,        1,          NULL     ),

		( 'GREAT_PERSON_AVIATOR_CLEMENT_ADER_GRANT_ABILITY_MODIFIERID',	 'MODIFIER_PLAYER_UNITS_GRANT_ABILITY',			  0,        1,          NULL     ),
		( 'GREAT_PERSON_AVIATOR_CLEMENT_ADER_GRANT_PRODUCTION_MODIFIERID',	 'MODIFIER_PLAYER_CITIES_ADJUST_MILITARY_UNITS_PRODUCTION',       0,        1,          NULL     ),
		( 'UNIT_ABILITY_CLEMENT_ADER_COMBAT_BONUS_MODIFIERID',	 'MODIFIER_UNIT_ADJUST_COMBAT_STRENGTH',       0,        0,          NULL     ),

		( 'GREAT_PERSON_AVIATOR_HERMANN_GANSWINDT_MODIFIERID',	 'MODIFIER_PLAYER_UNIT_GRANT_UNIT_WITH_EXPERIENCE',       1,        1,          NULL     ),
		( 'GREAT_AVIATOR_GRANT_1_ALUMINUM_PER_TURN',		'MODIFIER_PLAYER_ADJUST_FREE_RESOURCE_EXTRACTION',       1,        1,          NULL     ),

		( 'GREAT_PERSON_AVIATOR_GUSTAV_RASMUS_GRANT_ABILITY_MODIFIERID',	 'MODIFIER_PLAYER_UNITS_GRANT_ABILITY',       0,        1,          NULL     ),
		( 'UNIT_ABILITY_GUSTAV_RASMUS_ANTI_AIRCRAFT_BOATS_MODIFIERID',		'MODIFIER_SINGLE_UNIT_ADJUST_ANTI_AIR_STRENGTH_MODIFIER',    0,        0,          NULL     ),

		

		( 'GREAT_AVIATOR_ADJACENT_GRASSMOUNTAIN_CULTURE',		'MODIFIER_PLAYER_UNIT_GRANT_ADJACENT_TERRAIN_YIELD',       1,        1,          NULL     ),
		( 'GREAT_AVIATOR_ADJACENT_PLAINSMOUNTAIN_CULTURE',		'MODIFIER_PLAYER_UNIT_GRANT_ADJACENT_TERRAIN_YIELD',       1,        1,          NULL     ),
		( 'GREAT_AVIATOR_ADJACENT_DESERTMOUNTAIN_CULTURE',		'MODIFIER_PLAYER_UNIT_GRANT_ADJACENT_TERRAIN_YIELD',       1,        1,          NULL     ),
		( 'GREAT_AVIATOR_ADJACENT_TUNDRAMOUNTAIN_CULTURE',		'MODIFIER_PLAYER_UNIT_GRANT_ADJACENT_TERRAIN_YIELD',       1,        1,          NULL     ),
		( 'GREAT_AVIATOR_ADJACENT_SNOWMOUNTAIN_CULTURE',		'MODIFIER_PLAYER_UNIT_GRANT_ADJACENT_TERRAIN_YIELD',       1,        1,          NULL     ),
		
		( 'GREAT_PERSON_AVIATOR_ROBERT_HUTCHINGS_GODDARD_MODIFIERID',	 'MODIFIER_PLAYER_CITIES_ADJUST_SPACE_RACE_PROJECTS_PRODUCTION', 0,        1,          NULL     );
		
		--( 'GREAT_PERSON_AVIATOR_RADOJE_LJUTOVAC_MODIFIERID',		'MODIFIER_PLAYER_UNITS_GRANT_ABILITY',			 1,        1,  'REQUIREMENTS_UNIT_IS_ANTI_AIRCRAFT_LAND'   );

	

INSERT INTO ModifierArguments
		(ModifierId,											 Name,         Value)
VALUES  ('GREAT_PERSON_AVIATOR_SIR_GEORGE_CAYLEY_MODIFIERID_1',  'TechType', 'TECH_FLIGHT'),
		('GREAT_PERSON_AVIATOR_SIR_GEORGE_CAYLEY_MODIFIERID_2',  'TechType', 'TECH_ADVANCED_FLIGHT'),
		('GREAT_PERSON_AVIATOR_SIR_GEORGE_CAYLEY_MODIFIERID_3',  'TechType', 'TECH_LASERS'),
		('GREAT_PERSON_AVIATOR_SIR_GEORGE_CAYLEY_MODIFIERID_4',  'TechType', 'TECH_STEALTH_TECHNOLOGY'),
		
		('GREAT_PERSON_AVIATOR_OLIVER_WRIGHT_MODIFIERID',  'UnitType', 'UNIT_BIPLANE'),
		('GREAT_PERSON_AVIATOR_OLIVER_WRIGHT_MODIFIERID',  'Experience', 0),

		('GREAT_PERSON_AVIATOR_WILBUR_WRIGHT_HANGAR_BONUS_PRODUCTION_MODIFIERID',  'YieldType', 'YIELD_PRODUCTION'),
		('GREAT_PERSON_AVIATOR_WILBUR_WRIGHT_HANGAR_BONUS_PRODUCTION_MODIFIERID',  'BuildingType', 'BUILDING_HANGAR'),
		('GREAT_PERSON_AVIATOR_WILBUR_WRIGHT_HANGAR_BONUS_PRODUCTION_MODIFIERID',  'Amount', 2),
		('GREAT_PERSON_AVIATOR_BUILD_HANGAR_MODIFIERID',  'BuildingType', 'BUILDING_HANGAR'),

		('GREAT_PERSON_AVIATOR_THADDEUS_S_C_LOWE_MODIFIERID',  'AbilityType', 'UNIT_ABILITY_THADDEUS_S_C_LOWE_VISION'),
		('GREAT_PERSON_AVIATOR_THADDEUS_S_C_LOWE_MODIFIERID_2',  'UnitType', 'UNIT_OBSERVATION_BALLOON'),
		('GREAT_PERSON_AVIATOR_THADDEUS_S_C_LOWE_MODIFIERID_2',  'Experience', 0),
		('UNIT_ABILITY_THADDEUS_S_C_LOWE_VISION_MODIFIERID',  'Amount', 1),


		('GREAT_PERSON_AVIATOR_RENE_LORIN_GRANT_ABILITY_MODIFIERID',  'AbilityType', 'UNIT_ABILITY_RENE_LORIN_RANGE_BOMBER'),
		('GREAT_PERSON_AVIATOR_RENE_LORIN_GRANT_ABILITY_MODIFIERID_2',  'AbilityType', 'UNIT_ABILITY_RENE_LORIN_RANGE_FIGHTER'), --actually belongs to chuck yeager now
		('UNIT_ABILITY_RENE_LORIN_RANGE_BOMBER_MODIFIERID',  'Amount', 2),
		('UNIT_ABILITY_RENE_LORIN_RANGE_FIGHTER_MODIFIERID',  'Amount', 1), --actually belongs to chuck yeager now


		('GREAT_PERSON_AVIATOR_MANFRED_ALBRECHT_FREIHERR_VON_RICHTHOFEN_MODIFIERID',  'AbilityType', 'UNIT_ABILITY_RED_BARON_COMBAT_BONUS'),
		('UNIT_ABILITY_RED_BARON_COMBAT_BONUS_MODIFIERID',  'Amount', 10),

		('GREAT_PERSON_AVIATOR_PERCIVAL_E_FANSLER_HANGAR_BONUS_GOLD_MODIFIERID',  'YieldType', 'YIELD_GOLD'),
		('GREAT_PERSON_AVIATOR_PERCIVAL_E_FANSLER_HANGAR_BONUS_GOLD_MODIFIERID',  'BuildingType', 'BUILDING_HANGAR'),
		('GREAT_PERSON_AVIATOR_PERCIVAL_E_FANSLER_HANGAR_BONUS_GOLD_MODIFIERID',  'Amount', 6),
		('GREAT_PERSON_AVIATOR_PERCIVAL_E_FANSLER_AIRPORT_BONUS_GOLD_MODIFIERID',  'YieldType', 'YIELD_GOLD'),
		('GREAT_PERSON_AVIATOR_PERCIVAL_E_FANSLER_AIRPORT_BONUS_GOLD_MODIFIERID',  'BuildingType', 'BUILDING_AIRPORT'),
		('GREAT_PERSON_AVIATOR_PERCIVAL_E_FANSLER_AIRPORT_BONUS_GOLD_MODIFIERID',  'Amount', 10),
		
		('GREAT_PERSON_AVIATOR_AMELIA_EARHART_MODIFIERID',  'Amount', 1500),
		('GREAT_PERSON_AVIATOR_AMELIA_EARHART_MODIFIERID',  'Scale', 1),
		('GREAT_PERSON_AVIATOR_AMELIA_EARHART_MODIFIERID',  'YieldType', 'YIELD_CULTURE'),

		('GREAT_PERSON_AVIATOR_CARL_RICHARD_NYBERG_AIRPORT_BONUS_PRODUCTION_MODIFIERID',  'YieldType', 'YIELD_PRODUCTION'),
		('GREAT_PERSON_AVIATOR_CARL_RICHARD_NYBERG_AIRPORT_BONUS_PRODUCTION_MODIFIERID',  'BuildingType', 'BUILDING_AIRPORT'),
		('GREAT_PERSON_AVIATOR_CARL_RICHARD_NYBERG_AIRPORT_BONUS_PRODUCTION_MODIFIERID',  'Amount', 4),
		('GREAT_PERSON_AVIATOR_BUILD_AIRPORT_MODIFIERID',  'BuildingType', 'BUILDING_AIRPORT'),

		('GREAT_PERSON_AVIATOR_RADOJE_LJUTOVAC_GRANT_ABILITY_MODIFIERID',  'AbilityType', 'UNIT_ABILITY_RADOJE_LJUTOVAC_ANTI_AIRCRAFT_STRENGTH'),
		('UNIT_ABILITY_RADOJE_LJUTOVAC_ANTI_AIRCRAFT_STRENGTH_MODIFIERID',  'Amount', 10),

		('GREAT_PERSON_AVIATOR_FLOYD_FOGLEMAN_MODIFIERID',  'Amount', 20),
		('GREAT_PERSON_AVIATOR_FLOYD_FOGLEMAN_MODIFIERID',  'PromotionClass', 'PROMOTION_CLASS_AIR_FIGHTER'),
		('GREAT_PERSON_AVIATOR_FLOYD_FOGLEMAN_MODIFIERID_2',  'Amount', 20),
		('GREAT_PERSON_AVIATOR_FLOYD_FOGLEMAN_MODIFIERID_2',  'PromotionClass', 'PROMOTION_CLASS_AIR_BOMBER'),

		('GREAT_PERSON_AVIATOR_CLEMENT_ADER_GRANT_ABILITY_MODIFIERID',  'AbilityType', 'UNIT_ABILITY_CLEMENT_ADER_COMBAT_BONUS'),
		('GREAT_PERSON_AVIATOR_CLEMENT_ADER_GRANT_PRODUCTION_MODIFIERID',  'PromotionClass', 'PROMOTION_CLASS_NAVAL_CARRIER'),
		('GREAT_PERSON_AVIATOR_CLEMENT_ADER_GRANT_PRODUCTION_MODIFIERID',  'Amount', 30),
		('UNIT_ABILITY_CLEMENT_ADER_COMBAT_BONUS_MODIFIERID',  'Amount', 10),

		('GREAT_PERSON_AVIATOR_HERMANN_GANSWINDT_MODIFIERID',  'UnitType', 'UNIT_HELICOPTER'),
		('GREAT_PERSON_AVIATOR_HERMANN_GANSWINDT_MODIFIERID',  'Experience', -1),
		('GREAT_AVIATOR_GRANT_1_ALUMINUM_PER_TURN',  'ResourceType', 'RESOURCE_ALUMINUM'),
		('GREAT_AVIATOR_GRANT_1_ALUMINUM_PER_TURN',  'Amount', 1),

		('GREAT_PERSON_AVIATOR_GUSTAV_RASMUS_GRANT_ABILITY_MODIFIERID',  'AbilityType', 'UNIT_ABILITY_GUSTAV_RASMUS_ANTI_AIRCRAFT_BOATS'),
		('UNIT_ABILITY_GUSTAV_RASMUS_ANTI_AIRCRAFT_BOATS_MODIFIERID',  'Amount', 10),

		('GREAT_AVIATOR_ADJACENT_GRASSMOUNTAIN_CULTURE',  'YieldType', 'YIELD_CULTURE'),
		('GREAT_AVIATOR_ADJACENT_GRASSMOUNTAIN_CULTURE',  'TerrainType', 'TERRAIN_GRASS_MOUNTAIN'),
		('GREAT_AVIATOR_ADJACENT_GRASSMOUNTAIN_CULTURE',  'Amount', 150),
		('GREAT_AVIATOR_ADJACENT_PLAINSMOUNTAIN_CULTURE',  'YieldType', 'YIELD_CULTURE'),
		('GREAT_AVIATOR_ADJACENT_PLAINSMOUNTAIN_CULTURE',  'TerrainType', 'TERRAIN_PLAINS_MOUNTAIN'),
		('GREAT_AVIATOR_ADJACENT_PLAINSMOUNTAIN_CULTURE',  'Amount', 150),
		('GREAT_AVIATOR_ADJACENT_DESERTMOUNTAIN_CULTURE',  'YieldType', 'YIELD_CULTURE'),
		('GREAT_AVIATOR_ADJACENT_DESERTMOUNTAIN_CULTURE',  'TerrainType', 'TERRAIN_DESERT_MOUNTAIN'),
		('GREAT_AVIATOR_ADJACENT_DESERTMOUNTAIN_CULTURE',  'Amount', 150),
		('GREAT_AVIATOR_ADJACENT_TUNDRAMOUNTAIN_CULTURE',  'YieldType', 'YIELD_CULTURE'),
		('GREAT_AVIATOR_ADJACENT_TUNDRAMOUNTAIN_CULTURE',  'TerrainType', 'TERRAIN_TUNDRA_MOUNTAIN'),
		('GREAT_AVIATOR_ADJACENT_TUNDRAMOUNTAIN_CULTURE',  'Amount', 300),
		('GREAT_AVIATOR_ADJACENT_SNOWMOUNTAIN_CULTURE',  'YieldType', 'YIELD_CULTURE'),
		('GREAT_AVIATOR_ADJACENT_SNOWMOUNTAIN_CULTURE',  'TerrainType', 'TERRAIN_SNOW_MOUNTAIN'),
		('GREAT_AVIATOR_ADJACENT_SNOWMOUNTAIN_CULTURE',  'Amount', 300),


		
		('GREAT_PERSON_AVIATOR_ROBERT_HUTCHINGS_GODDARD_MODIFIERID',  'Amount', 50);
		
		
		--('GREAT_PERSON_AVIATOR_RADOJE_LJUTOVAC_MODIFIERID',  'AbilityType', 'GREAT_PERSON_AVIATOR_RADOJE_LJUTOVAC_ABILITY_ANTI_AIRCRAFT_BONUS');

--INSERT INTO ModifierStrings
--		(ModifierId, Context, Text)
--VALUES  ('GREAT_PERSON_AVIATOR_RADOJE_LJUTOVAC_MODIFIERID', 'Preview', 'LOC_GREAT_PERSON_AVIATOR_RADOJE_LJUTOVAC_COMBAT_BONUS_PREVIEW')

































-- points



--Ideally, everyone has a few passive points but heavy investments can be made elsewhere

--TO DO: add a project to aerodromes called space camp that awards great aviator points when finished

--Certain buildings granting points 
INSERT INTO Building_GreatPersonPoints
		(BuildingType, GreatPersonClassType, PointsPerTurn)
VALUES  ('BUILDING_BROADCAST_CENTER', 'GREAT_PERSON_CLASS_AVIATOR', 1),
		('BUILDING_MILITARY_ACADEMY', 'GREAT_PERSON_CLASS_AVIATOR', 2),
		('BUILDING_HANGAR', 'GREAT_PERSON_CLASS_AVIATOR', 5),
		('BUILDING_AIRPORT', 'GREAT_PERSON_CLASS_AVIATOR', 10);
		
		
--Add a couple fat bonuses for districts
INSERT INTO District_GreatPersonPoints
		(DistrictType, GreatPersonClassType, PointsPerTurn)
VALUES  ('DISTRICT_AERODROME', 'GREAT_PERSON_CLASS_AVIATOR', 5),
		('DISTRICT_SPACEPORT', 'GREAT_PERSON_CLASS_AVIATOR', 10);


--Modifiers for techs and civics to passively grant points as soon as they are finished
INSERT INTO Modifiers
		(ModifierId,								 ModifierType,                SubjectRequirementSetId )
VALUES  ('ASTRONOMY_GREAT_AVIATOR_MODIFIERID',				'MODIFIER_PLAYER_ADJUST_GREAT_PERSON_POINTS', NULL),
		('SCIENTIFIC_THEORY_GREAT_AVIATOR_MODIFIERID',				'MODIFIER_PLAYER_ADJUST_GREAT_PERSON_POINTS', NULL),
		('FLIGHT_GREAT_AVIATOR_MODIFIERID',				'MODIFIER_PLAYER_ADJUST_GREAT_PERSON_POINTS', NULL),
		('ADVANCED_FLIGHT_GREAT_AVIATOR_MODIFIERID',				'MODIFIER_PLAYER_ADJUST_GREAT_PERSON_POINTS', NULL),
		('STEALTH_TECH_GREAT_AVIATOR_MODIFIERID',				'MODIFIER_PLAYER_ADJUST_GREAT_PERSON_POINTS', NULL),
		('GUIDANCE_SYSTEMS_GREAT_AVIATOR_MODIFIERID',				'MODIFIER_PLAYER_ADJUST_GREAT_PERSON_POINTS', NULL),
		('ROCKETRY_GREAT_AVIATOR_MODIFIERID',				'MODIFIER_PLAYER_ADJUST_GREAT_PERSON_POINTS', NULL),
		('EXPLORATION_GREAT_AVIATOR_MODIFIERID',				'MODIFIER_PLAYER_ADJUST_GREAT_PERSON_POINTS', NULL),
		('MOBILIZATION_GREAT_AVIATOR_MODIFIERID',				'MODIFIER_PLAYER_ADJUST_GREAT_PERSON_POINTS', NULL),
		('RAPID_DEPLOYMENT_GREAT_AVIATOR_MODIFIERID',				'MODIFIER_PLAYER_ADJUST_GREAT_PERSON_POINTS', NULL),
		('SPACE_RACE_GREAT_AVIATOR_MODIFIERID',				'MODIFIER_PLAYER_ADJUST_GREAT_PERSON_POINTS', NULL),
		
		('GREAT_AVIATOR_POLICY_SMALL_MODIFIERID',				'MODIFIER_PLAYER_ADJUST_GREAT_PERSON_POINTS', NULL),
		('GREAT_AVIATOR_POLICY_BIG_MODIFIERID_HANGAR',				'MODIFIER_PLAYER_CITIES_ADJUST_GREAT_PERSON_POINT', 'BUILDING_IS_HANGAR_GREAT_AVIATOR'), --unique requirement name to prevent conflicts
		('GREAT_AVIATOR_POLICY_BIG_MODIFIERID_AIRPORT',				'MODIFIER_PLAYER_CITIES_ADJUST_GREAT_PERSON_POINT', 'BUILDING_IS_AIRPORT_GREAT_AVIATOR'); --unique requirement name to prevent conflicts

--Modifier Arguments for techs and civics
INSERT INTO ModifierArguments
		(ModifierId,					Name,					Value)
VALUES  ('ASTRONOMY_GREAT_AVIATOR_MODIFIERID',   'GreatPersonClassType', 'GREAT_PERSON_CLASS_AVIATOR'),
		('ASTRONOMY_GREAT_AVIATOR_MODIFIERID',   'Amount', 1),
		('SCIENTIFIC_THEORY_GREAT_AVIATOR_MODIFIERID',   'GreatPersonClassType', 'GREAT_PERSON_CLASS_AVIATOR'),
		('SCIENTIFIC_THEORY_GREAT_AVIATOR_MODIFIERID',   'Amount', 1),
		('FLIGHT_GREAT_AVIATOR_MODIFIERID',   'GreatPersonClassType', 'GREAT_PERSON_CLASS_AVIATOR'),
		('FLIGHT_GREAT_AVIATOR_MODIFIERID',   'Amount', 3),
		('ADVANCED_FLIGHT_GREAT_AVIATOR_MODIFIERID',   'GreatPersonClassType', 'GREAT_PERSON_CLASS_AVIATOR'),
		('ADVANCED_FLIGHT_GREAT_AVIATOR_MODIFIERID',   'Amount', 2),
		('STEALTH_TECH_GREAT_AVIATOR_MODIFIERID',   'GreatPersonClassType', 'GREAT_PERSON_CLASS_AVIATOR'),
		('STEALTH_TECH_GREAT_AVIATOR_MODIFIERID',   'Amount', 1),
		('GUIDANCE_SYSTEMS_GREAT_AVIATOR_MODIFIERID',   'GreatPersonClassType', 'GREAT_PERSON_CLASS_AVIATOR'),
		('GUIDANCE_SYSTEMS_GREAT_AVIATOR_MODIFIERID',   'Amount', 1),
		('ROCKETRY_GREAT_AVIATOR_MODIFIERID',   'GreatPersonClassType', 'GREAT_PERSON_CLASS_AVIATOR'),
		('ROCKETRY_GREAT_AVIATOR_MODIFIERID',   'Amount', 2),
		('EXPLORATION_GREAT_AVIATOR_MODIFIERID',   'GreatPersonClassType', 'GREAT_PERSON_CLASS_AVIATOR'),
		('EXPLORATION_GREAT_AVIATOR_MODIFIERID',   'Amount', 2),
		('MOBILIZATION_GREAT_AVIATOR_MODIFIERID',   'GreatPersonClassType', 'GREAT_PERSON_CLASS_AVIATOR'),
		('MOBILIZATION_GREAT_AVIATOR_MODIFIERID',   'Amount', 1),
		('RAPID_DEPLOYMENT_GREAT_AVIATOR_MODIFIERID',   'GreatPersonClassType', 'GREAT_PERSON_CLASS_AVIATOR'),
		('RAPID_DEPLOYMENT_GREAT_AVIATOR_MODIFIERID',   'Amount', 1),
		('SPACE_RACE_GREAT_AVIATOR_MODIFIERID',   'GreatPersonClassType', 'GREAT_PERSON_CLASS_AVIATOR'),
		('SPACE_RACE_GREAT_AVIATOR_MODIFIERID',   'Amount', 2),
		
		('GREAT_AVIATOR_POLICY_SMALL_MODIFIERID', 'GreatPersonClassType', 'GREAT_PERSON_CLASS_AVIATOR'),
		('GREAT_AVIATOR_POLICY_SMALL_MODIFIERID',   'Amount', 10),
		('GREAT_AVIATOR_POLICY_BIG_MODIFIERID_HANGAR', 'GreatPersonClassType', 'GREAT_PERSON_CLASS_AVIATOR'),
		('GREAT_AVIATOR_POLICY_BIG_MODIFIERID_HANGAR',   'Amount', 7),
		('GREAT_AVIATOR_POLICY_BIG_MODIFIERID_AIRPORT', 'GreatPersonClassType', 'GREAT_PERSON_CLASS_AVIATOR'),
		('GREAT_AVIATOR_POLICY_BIG_MODIFIERID_AIRPORT',   'Amount', 12);

--Adjust some techs to give points
INSERT INTO TechnologyModifiers	
		(TechnologyType,		 ModifierId)
VALUES  ('TECH_ASTRONOMY',	'ASTRONOMY_GREAT_AVIATOR_MODIFIERID'),
		('TECH_SCIENTIFIC_THEORY',	'SCIENTIFIC_THEORY_GREAT_AVIATOR_MODIFIERID'),
		('TECH_FLIGHT',	'FLIGHT_GREAT_AVIATOR_MODIFIERID'),
		('TECH_ADVANCED_FLIGHT',	'ADVANCED_FLIGHT_GREAT_AVIATOR_MODIFIERID'),
		('TECH_STEALTH_TECHNOLOGY',	'STEALTH_TECH_GREAT_AVIATOR_MODIFIERID'),
		('TECH_GUIDANCE_SYSTEMS',	'GUIDANCE_SYSTEMS_GREAT_AVIATOR_MODIFIERID'),
		('TECH_ROCKETRY',	'ROCKETRY_GREAT_AVIATOR_MODIFIERID');



--Adjust some civics to give points
INSERT INTO CivicModifiers	
		(CivicType,		 ModifierId)
VALUES  ('CIVIC_EXPLORATION',	'EXPLORATION_GREAT_AVIATOR_MODIFIERID'),
		('CIVIC_MOBILIZATION',	'MOBILIZATION_GREAT_AVIATOR_MODIFIERID'),
		('CIVIC_RAPID_DEPLOYMENT',	'RAPID_DEPLOYMENT_GREAT_AVIATOR_MODIFIERID'),
		('CIVIC_SPACE_RACE',	'SPACE_RACE_GREAT_AVIATOR_MODIFIERID');



INSERT INTO Policies
		(PolicyType,							Name,												Description,							PrereqCivic,					GovernmentSlotType)
VALUES  ('POLICY_GREAT_AVIATOR_SMALL',			'LOC_POLICY_GREAT_AVIATOR_SMALL_NAME',			'LOC_POLICY_GREAT_AVIATOR_SMALL_DESCRIPTION',		'CIVIC_MOBILIZATION',		 'SLOT_WILDCARD'),
		('POLICY_GREAT_AVIATOR_BIG',		'LOC_POLICY_GREAT_AVIATOR_BIG_NAME',		'LOC_POLICY_GREAT_AVIATOR_BIG_DESCRIPTION',		 'CIVIC_SPACE_RACE',		 'SLOT_WILDCARD');

INSERT INTO RequirementSets
		(RequirementSetId,  RequirementSetType)
VALUES  ('BUILDING_IS_HANGAR_GREAT_AVIATOR', 'REQUIREMENTSET_TEST_ALL'),
		('BUILDING_IS_AIRPORT_GREAT_AVIATOR', 'REQUIREMENTSET_TEST_ALL');

INSERT INTO RequirementSetRequirements
		(RequirementSetId, RequirementId)
VALUES  ('BUILDING_IS_HANGAR_GREAT_AVIATOR', 'REQUIRES_CITY_HAS_HANGAR_GREAT_AVIATOR'),
		('BUILDING_IS_AIRPORT_GREAT_AVIATOR', 'REQUIRES_CITY_HAS_AIRPORT_GREAT_AVIATOR');

INSERT INTO Requirements
		(RequirementId, RequirementType)
VALUES  ('REQUIRES_CITY_HAS_HANGAR_GREAT_AVIATOR', 'REQUIREMENT_CITY_HAS_BUILDING'),
		('REQUIRES_CITY_HAS_AIRPORT_GREAT_AVIATOR', 'REQUIREMENT_CITY_HAS_BUILDING');

INSERT INTO RequirementArguments
		(RequirementId, Name, Value)
VALUES  ('REQUIRES_CITY_HAS_HANGAR_GREAT_AVIATOR', 'BuildingType', 'BUILDING_HANGAR'),
		('REQUIRES_CITY_HAS_AIRPORT_GREAT_AVIATOR', 'BuildingType', 'BUILDING_AIRPORT');

INSERT INTO PolicyModifiers
		(PolicyType,				ModifierId)
VALUES  ('POLICY_GREAT_AVIATOR_SMALL',  'GREAT_AVIATOR_POLICY_SMALL_MODIFIERID'),
		('POLICY_GREAT_AVIATOR_BIG',  'GREAT_AVIATOR_POLICY_BIG_MODIFIERID_HANGAR'),
		('POLICY_GREAT_AVIATOR_BIG',  'GREAT_AVIATOR_POLICY_BIG_MODIFIERID_AIRPORT');

INSERT INTO ObsoletePolicies
		(PolicyType, ObsoletePolicy)
VALUES  ('POLICY_GREAT_AVIATOR_BIG', 'POLICY_GREAT_AVIATOR_SMALL');

--Add some policies to give points

--techs that could give points:
--astronomy +1
--scientific theory +1

--flight +3
--advanced flight +2
--stealth tech +1
--guidance systems +1
--rocketry +2

--civics that could give points:
--exploration +2
--mobilization - little policy and +1
--rapid deployment - +1
--space race  BIG policy and +2
